,,Durham,,,,,,,,,,,,,,,,,,,,,,,,,,,,,,,,,,,,,,,,,,,,,,,,,,,,,,,,,,,,,,,,,,,Durham,,
,,Christmas Bird Counts,,,,,,,,,,,,,,,,,,,,,,,,,,,,,,,,,,,,,,,,,,,,,,,,,,,,,,,,,,,,,1964-,,Processing 2023 data,,,,Christmas Bird Counts,,
,,,,,,,,,,,,,,,,,,,,,,,,,,,,,,,,,,,,,,,,,,,,,,,,,,,,,,,,,,,10 YR ,10YR,,,2022,,,,,,,,
Order,Order,Common Name,,1968,1969,1970,1971,1973,1974,1975,1976,1977,1978,1979,1980,1981,1982,1983,1984,1985,1986,1987,1988,1989,1990,1991,1992,1993,1994,1995,1996,1997,1998,1999,2000,2001,2002,2003,2004,2005,2006,2007,2008,2009,2010,2011,2012,2013,2014,2015,2016,2017,2018,2019,2020,2021,2022,2023,AVG,FREQ,MAX,MIN,FREQ,,,,,,Common Name,,
Old,2022,,,,,,,,,,,,,,,,,,,,,,,,,,,,,,,,,,,,,,,,,,,,,,,,,,,,,,,,,,,,,,,,,,,,,,"=IFERROR(VLOOKUP(BQ5,BM:BO,3,FALSE),"""")"
,1.1,Greater White-fronted Goose,e,,,,,,,,,,,,,,,,,,,,,,,,,,,,,,,,,,,,,,,,,,,1,,,,,,,,,,,,1,0.1 ,1,1,1,2,,Greater White-fronted Goose,,1,,,,
1,2,Snow Goose,e,,,,,,,,,,,,,,,,,,,,,,,,,,,,,,1,,,,1,,,,,,,,1,,2,,1,,,,,,,,,,0.1 ,2,2,1,5,,Canada Goose, ,256,,Snow Goose,#VALUE!,
2,3,Ross Goose,e,,,,,,,,,,,,,,,,,,,,,,,,,,,,,,,,,,,,,,,,,,,,,,1,,,,,,,,,,0.1 ,1,1,1,1,,Mute Swan,,,,Ross Goose,#VALUE!,
4,5,Canada Goose,a,,,,,,6,,,,,2,10,7,,10,27,7,35,8,43,33,20,113,75,123,141,573,361,660,491,281,378,638,956,687,1358,738,1025,928,1295,630,1187,510,900,722,698,620,590,732,694,461,386,395,369,256,592.3 ,12,1358,2,45,,Wood Duck, ,79,,Canada Goose,369,256
5,6,Mute Swan,e,,,,,,,,,,,,,,,,,,,,,,,,,,,,,,,,,,,,,,,,,,,,12,,,,2,,,,,,,,0.2 ,2,12,2,2,,Northern Shoveler,,,,Mute Swan,,
6,7,Tundra Swan,e,,,,,,,,,,,,,,,2,,,,,,,,,,,,,,,,,,,,,,,,,1,,,,,,,,25,,,,,,,,2.5 ,1,25,1,3,,Gadwall,,2,,Tundra Swan,,
7,8,Wood Duck,a,,,1,,,9,,,,,6,,5,3,,2,,,17,47,43,2,7,6,12,16,6,35,2,50,35,20,25,25,40,167,11,159,23,82,75,172,119,113,86,205,16,24,12,108,170,299,505,107,79,161.1 ,12,505,1,43,,American Wigeon,,,,Wood Duck,107,79
8,9,Blue-winged Teal,f,,,,,,,,,,,,,,,2,8,,,,,,,,,,,,,,,,,,,,,,,,,,,,,,,,,,,,,,,,0.0 ,0,8,2,2,,Mallard,,41,,Blue-winged Teal,#VALUE!,
9,10,Northern Shoveler,a,,,,,,,,,,,,,,,1,3,,,6,,2,,,1,12,2,,,4,6,14,,3,,,,4,,4,,1,21,92,24,41,10,8,18,68,9,20,1,,,,17.5 ,9,92,1,25,,American Black Duck,,1,,Northern Shoveler,,
10,11,Gadwall,a,,,,,,,,,,,,,1,,,2,1,,,,17,2,,,,,2,33,21,2,2,2,,1,20,5,3,22,,,1,20,,12,12,11,6,2,11,23,3,26,,5,2,10.1 ,11,33,1,29,,Northern Pintail, ,,,Gadwall,5,2
11,12,American Wigeon,c,,,,,,,,,,2,,,1,,,10,,,,,25,2,,1,5,,1,15,,,11,,,6,51,,19,4,,29,,,,12,,24,,16,,10,2,,,,,5.2 ,5,51,1,20,,Green-winged Teal,,,,American Wigeon,,
12,13,Mallard,a,,,,,19,27,3,9,20,9,33,10,31,65,120,46,45,37,14,200,319,300,111,643,112,89,105,86,126,118,132,141,54,126,99,101,192,151,133,148,157,453,92,101,156,49,79,161,464,241,91,117,72,29,41,150.0 ,12,643,3,51,,Canvasback,,,,Mallard,29,41
13,14,American Black Duck,b,,,,,,,1,,1,4,,,1,2,6,2,,1,1,4,6,13,4,4,8,2,10,2,,,2,4,,16,,,5,23,,8,1,53,,,1,,9,14,18,,1,2,,,1,4.6 ,7,53,1,33,,Redhead,,,,American Black Duck,,1
14,15,Northern Pintail,c,,,,,,,,,,,,,,,,3,,,,1,,2,,,3,2,,6,,,,2,,,2,7,,,,3,1,3,,,26,,1,3,2,4,,,,,,3.6 ,5,26,1,17,,Ring-necked Duck,,22,,Northern Pintail,,
15,16,Green-winged Teal,b,,,,,,,,,,,,,3,,,23,4,,14,,16,3,,,,2,36,,,70,57,54,16,40,28,,,1,9,,5,12,19,17,7,10,,4,12,3,,3,,,,3.9 ,7,70,1,26,,Greater Scaup,,,,Green-winged Teal,,
16,17,Canvasback,f,,,,,,,,,,,,,,,,,1,,,,,,,,,,,,,,,,,,,,,,,,,,,,,,,,,,,,,,,0.0 ,0,1,1,1,,Lesser Scaup,,,,Canvasback,,
17,18,Redhead,e,,,,,,,,,,,,,,,,,11,,,,,,,,,,,,,,,,,,,,,,,,,,,,,,,4,,,3,,,,,0.7 ,2,11,3,3,,Long-tailed Duck,,,,Redhead,,
18,19,Ring-necked Duck,a,,,,,,,6,,33,4,7,,4,,,15,3,,,,56,25,5,50,12,26,60,37,362,17,14,37,38,58,272,5,243,254,4,76,47,3,29,93,221,54,82,23,165,26,308,1,21,27,22,95.0 ,12,362,1,42,,Bufflehead,,15,,Ring-necked Duck,27,22
19,20,Greater Scaup,d,,,,,,,,,,,,,,,,,,,,,,,,,,,,,,,,,,,,,,,,,1,,1,,1,1,1,,,,,,,,,0.3 ,3,1,1,5,,Common Goldeneye,,,,Greater Scaup,,
20,21,Lesser Scaup,a,,,,,,,,,1,,2,,,,5,,,,,3,5,5,,,,,1,,,,,,,16,,,,,,,2,,,4,1,,5,1,5,3,1,,16,1,,3.3 ,9,16,1,18,,Hooded Merganser,,33,,Lesser Scaup,1,
21,24,Long-tailed Duck,e,,,,,,,,,,,,,,,,,,,,,,,,,,,,,,,,,,,,,,,,,,,,,,,1,,,,,,,,,0.1 ,1,1,1,1,,Red-breasted Merganser,,,,Long-tailed Duck,,
22,25,Bufflehead,a,,,,,,,3,,,,,,,1,2,1,4,,,,4,6,,1,,3,51,27,1,8,33,5,,7,11,,17,2,7,13,3,,1,1,28,11,13,5,128,22,84,31,12,42,15,39.1 ,12,128,1,35,,Ruddy Duck,,,,Bufflehead,42,15
23,26,Common Goldeneye,e,,,,,,,,,2,,,,,,1,,,,,,,,,1,,,,,,,,,,,1,,,,,,,2,,,,,,,,,1,,,,,0.1 ,1,2,1,6,,Northern Bobwhite,,,,Common Goldeneye,,
24,27,Hooded Merganser,a,1,,,,,1,,,,,3,,,,,2,7,21,1,67,46,4,,16,88,19,151,117,231,125,4,10,58,11,65,87,144,166,191,57,74,18,65,71,133,120,82,173,169,99,124,99,30,32,33,109.4 ,12,231,1,42,,Wild Turkey,,8,,Hooded Merganser,32,33
25,28,Common Merganser,f,,,,,,,,,,,,,,,,,,,,,,,,,,,,,1,,,1,,,,,1,,,,,,,,,,,,,,,,,,,0.0 ,0,1,1,3,,Pied-billed Grebe,,,,Common Merganser,#VALUE!,
26,29,Red-breasted Merganser,e,,,,,,,,,1,,,,,,,,,,,,,,,,,,,,,,,,,1,,,18,,2,,,,,,6,,,,,,,,,,,0.6 ,1,18,1,5,,Horned Grebe,,,,Red-breasted Merganser,,
27,30,Ruddy Duck,a,,,,,,,,,,,,,,,,,1,,,,,,,,,,,,,1,4,5,,225,1,,,1,1,*,35,,,7,5,8,7,14,126,62,181,54,,77,,53.4 ,10,225,1,19,,Rock Pigeon,,113,,Ruddy Duck,77,
28,31,Northern Bobwhite,e,59,2,34,23,28,4,48,54,49,71,42,13,16,69,9,14,2,,6,1,15,34,,10,1,1,2,,,21,6,,,,,,,,,,,,,,,,,,,,,1,,,,0.1 ,1,71,1,28,,Mourning Dove,,47,,Northern Bobwhite,,
29,32,Wild Turkey,a,,,,,,,,,,,,,,,,,,,,,,,,,2,,,,,1,11,1,3,5,11,17,18,4,27,22,3,12,21,11,19,1,1,,8,40,1,5,15,,8,9.8 ,10,40,1,25,,American Coot,,,,Wild Turkey,,8
30,34,Pied-billed Grebe,a,1,1,,,4,9,9,2,9,6,6,4,5,6,19,13,21,2,2,12,21,21,4,5,3,5,18,16,11,8,13,4,7,8,9,5,2,8,3,5,2,1,8,15,18,21,25,24,16,10,11,3,6,4,,13.8 ,11,25,1,52,,Ruby-throated Hummingbird,,,,Pied-billed Grebe,4,
31,35,Horned Grebe,b,,,,,,,,,,,,,,,,,,,,,2,,1,,,,,,,,,,,,,,5,,,,,,,,1,2,1,1,1,2,,,1,,,0.9 ,7,5,1,10,,Rufous Hummingbird,,,,Horned Grebe,,
32,38,Rock Pigeon,a,,,,,,115,103,102,241,61,39,10,167,194,104,113,175,194,197,197,125,207,193,362,316,253,288,387,272,336,248,286,303,281,324,221,170,119,65,204,124,187,74,49,30,39,69,73,117,27,23,39,2,46,113,57.8 ,12,387,2,50,,Killdeer,,17,,Rock Pigeon,46,113
33,39,White-winged Dove,f,,,,,,,,,,,,,,,,,,,,,,,,,,,,,,,,,,,,,,,,,,*,,,,,,,,,,,,,,0.0 ,0,0,0,0,,Dunlin,,,,White-winged Dove,#VALUE!,
34,40,Mourning Dove,a,36,230,98,73,269,1588,195,838,1033,331,673,524,220,505,336,247,455,149,726,380,389,458,307,450,208,162,240,168,247,198,181,132,227,82,178,251,570,123,290,157,126,106,190,284,182,290,78,235,377,114,68,245,175,86,47,189.7 ,12,1588,36,55,,Least Sandpiper,,,,Mourning Dove,86,47
37,43,American Coot,e,,,,,,,,,,,2,,,1,188,6,16,,,4,4,1,,,,,1,5,7,,7,1,,,,4,1,1,,,,,1,1,,,,2,,,,,,,,0.2 ,2,188,1,19,,Western Sandpiper,,,,American Coot,,
35,47,Ruby-throated Hummingbird,e,,,,,,,,,,,,,,,,,,,,,,,,,,,,,,,,,,,,,,,,,,,,,,,,,,,1,,,,,0.1 ,1,1,1,1,,American Woodcock, ,1,,Ruby-throated Hummingbird,,
36,48,Rufous Hummingbird,e,,,,,,,,,,,,,,,,,,,,,,,,,,,,,,,,,,,,1,,,,,,,,,,,,1,,,,,,1,,0.2 ,2,1,1,3,,Wilson's Snipe,,4,,Rufous Hummingbird,1,
38,62,Killdeer,a,8,18,8,12,22,52,21,44,27,73,68,13,35,26,10,62,36,79,78,25,33,23,155,73,171,70,38,18,36,126,55,62,156,40,17,24,40,29,107,91,42,166,190,41,87,105,12,19,190,15,28,9,59,128,17,66.9 ,12,190,8,55,,Spotted Sandpiper,,1,,Killdeer,128,17
39,71,Dunlin,e,,,,,,,,,,,,,,,,,,,,,,,,,,,,,,,,,,,,,,,,,,1,,,5,,,,,,,,,,,0.5 ,1,5,1,2,,Greater Yellowlegs,,,,Dunlin,,
40,73,Least Sandpiper,d,,,,,,,,,,,,,4,,,3,,,,,,,,,,30,,,4,35,,2,1,,,,,,,,,85,96,,31,,,,12,,2,,2,,,4.7 ,4,96,1,13,,Lesser Yellowlegs,,,,Least Sandpiper,,
41,78,Western Sandpiper,f,,,,,,,,,,,,,,,,,,,,,,,2,,55,,,,2,,,,,,,,,,,,,,,,,,,,,,,,,,,0.0 ,0,55,2,3,,Bonaparte's Gull,,60,,Western Sandpiper,,
42,81,American Woodcock,a,,,,1,,2,1,2,3,4,5,1,,2,,6,,,2,2,1,3,2,2,,2,6,1,2,2,7,1,      *,6,3,10,10,9,1,6,8,1,2,8,8,4,3,4,2,2,,1,1,,1,2.6 ,10,10,1,43,,Ring-billed Gull, ,309,,American Woodcock,,1
43,82,Wilson's Snipe,b,,3,,2,1,4,9,9,3,4,6,2,19,2,2,55,2,22,43,10,3,18,29,,44,25,2,1,23,104,20,,100,,,,5,,,,1,18,2,,,2,,2,20,1,2,,11,,4,4.2 ,7,104,1,40,,Herring Gull,,,,Wilson's Snipe,,4
47,85,Red Phalarope,f,,,,,,,,,,,,,,,,,,,,,,,,,,,,,,,,,,,,,,,,1,,,,,,,,,,,,,,,,0.0 ,0,1,1,1,,Lesser Black-backed Gull,,,,Red Phalarope,#VALUE!,
44,86,Spotted Sandpiper,e,,,,,,,,,,,,,,,,,,,,,,,,,,,,,,,,,,,,,,,,,,,,,,,,,,,2,,,,1,0.3 ,2,2,1,2,,Common Loon,,,,Spotted Sandpiper,,1
46,88,Greater Yellowlegs,e,,,,,,,,,,,,,,,1,4,,,,,,,2,,1,5,,,,9,,,1,,,,,,,,,1,,2,,,,,,,2,,,,,0.2 ,2,9,1,10,,Double-crested Cormorant,,352,,Greater Yellowlegs,,
45,90,Lesser Yellowlegs,e,,,,,,,,,,,,,,,,,,,,,,,,,4,,,,1,3,,,,,,,,,,,,,,1,,,,,,,,,2,,,0.2 ,2,4,1,5,,American Bittern,,,,Lesser Yellowlegs,,
48,94,Bonaparte's Gull,a,,,,,,,,,,,,,,,31,1,,,,1,63,1,50,2,3,9,7,1,2,55,,21,49,4,62,2,4,1,12,1,1,8,88,57,86,35,38,40,193,63,35,27,49,53,60,67.9 ,12,193,1,37,,Great Blue Heron,,36,,Bonaparte's Gull,53,60
49,97,Ring-billed Gull,a,,,,,,,,,,,1,,,15,301,480,250,350,500,1000,1500,465,1000,1800,1501,4040,3672,3091,2721,875,500,3561,734,2000,1484,2896,6361,6250,741,8886,9353,4062,6091,3677,3500,2177,2090,3730,4099,3636,6288,6302,3848,849,309,3682.8 ,12,9353,1,43,,Great Egret,,,,Ring-billed Gull,849,309
50,98,Herring Gull,a,,,,,,,,,,,,,,,1,7,11,,40,14,23,46,13,17,107,52,11,6,47,4,2,37,10,17,6,13,50,66,6,245,153,27,223,71,94,37,42,20,45,28,42,38,99,11,,45.6 ,11,245,1,39,,Green Heron,,,,Herring Gull,11,
51,100,L. black-back Gull,e,,,,,,,,,,,,,,,,,,,,,,,,,,,,,,,,,1,,,,1,,,,1,1,1,1,,,,,1,,,,,,,0.1 ,2,1,1,7,,Black Vulture,,20,,L. black-back Gull,#VALUE!,
52,101,G. Black-back Gull,f,,,,,,,,,,,,,,,,,,,,,,,,,,,,,,,,,,1,,,1,,,1,2,,,,,,,,,,,,,,,0.0 ,0,2,1,4,,Turkey Vulture,,18,,G. Black-back Gull,#VALUE!,
53,111,Common Loon,f,,,,,,,,,,,,,,,,,,,,,,1,,,,,1,,,,1,,,,1,,,,,1,,,,,,,,,,,,,,,,0.0 ,0,1,1,5,,Osprey,,,,Common Loon,,
55,115,Anhinga,f,,,,,,,,,,,,,,,,,,,,,,,,,,,,,,,,,,,,,,,,,,,1,,,,,,,,,,,,,0.0 ,0,1,1,1,,Northern Harrier,CW,,,Anhinga,#VALUE!,
54,116,Double-crested Cormorant,a,,,,,,,,,,,,,,,,2,,,,3,1,16,,4,,33,9,1,9,25,200,37,190,9,16,254,,425,23,418,880,19,20,510,500,697,1242,1223,380,1497,1442,1001,1820,2327,352,1248.1 ,12,2327,1,34,,Sharp-shinned Hawk,,,,Double-crested Cormorant,2327,352
56,119,American Bittern,e,,,,,,,,,,,1,,,,1,,,,,,,,,,,,,,,,,,,,,,,,,,,,,,,,,,1,,,,1,,,0.2 ,2,1,1,4,,Cooper's Hawk, ,1,,American Bittern,,
57,121,Great Blue Heron,a,3,1,2,,2,7,6,4,6,3,7,5,14,12,23,85,25,108,115,111,40,105,160,61,157,123,56,70,147,214,56,35,144,39,41,61,132,47,130,73,62,77,141,93,85,53,26,59,114,45,73,35,82,32,36,64.0 ,12,214,1,54,,Bald Eagle,,3,,Great Blue Heron,32,36
58,122,Great Egret,d,,,,,,,,,,,,,,,,,,1,,,,,,,,,,,,14,,,,,,,,1,,,,,,1,,,,2,,,1,,2,,,0.5 ,4,14,1,7,,Red-shouldered Hawk, ,9,,Great Egret,,
59,126,Cattle Egret,f,,,,,,,,,,,1,,,,,,,,,,,,,,,,,,,,,,,,,,,,,,,,,,,,,,,,,,,,,0.0 ,0,1,1,1,,Red-tailed Hawk,,3,,Cattle Egret,#VALUE!,
60,127,Green Heron,e,,,,,1,,,,,,,,,,,,,,,,,,,,,,,,,,,,,,,,,,,,,,,,,,,,,,,,1,,,0.1 ,1,1,1,2,,Eastern Screech-Owl,,,,Green Heron,,
61,133,Black Vulture,a,9,,,,,,11,3,,11,1,,9,3,16,1,20,11,1,6,1,1,4,6,17,7,3,4,85,85,87,44,167,46,16,218,81,46,70,77,49,55,145,119,187,155,142,328,160,132,187,48,49,79,20,148.7 ,12,328,1,48,,Great Horned Owl,,2,,Black Vulture,79,20
62,134,Turkey Vulture,a,11,2,,11,,33,23,59,1,49,38,43,104,9,83,24,40,22,40,13,32,83,47,3,78,60,49,61,87,87,89,69,175,76,35,126,86,177,159,84,151,214,206,95,234,200,192,222,102,138,137,32,47,127,18,144.9 ,12,234,1,53,,Barred Owl,,,,Turkey Vulture,127,18
63,135,Osprey,e,,1,,,,,,,,,,,,,,,,,,,,,,,,,,,,,,,,,,,,,,,,,,,,,,,,,,,1,,,0.1 ,1,1,1,2,,Belted Kingfisher,,2,,Osprey,,
65,137,Northern Harrier,b,,,,1,,2,1,1,1,,3,,13,10,4,2,4,9,2,3,4,1,3,,4,1,1,1,3,3,1,1,,3,1,5,4,1,5,,3,2,,,3,1,1,,1,4,1,,1,,,1.2 ,7,13,1,40,,Yellow-bellied Sapsucker, ,24,,Northern Harrier,,
66,138,Sharp-shinned Hawk,a,,1,,,1,2,7,3,4,3,6,,6,5,6,3,4,3,2,3,3,4,8,4,4,2,11,2,2,3,4,3,6,8,4,7,2,7,4,1,5,4,2,2,7,2,4,9,1,1,7,2,1,3,,3.7 ,11,11,1,50,,Red-headed Woodpecker,,9,,Sharp-shinned Hawk,3,
67,139,Cooper's Hawk,a,,1,,,,,1,1,1,1,,,1,,2,1,1,2,,1,3,1,4,1,,1,3,2,*,2,2,2,4,3,1,5,5,6,3,4,3,5,1,5,7,3,3,4,2,5,6,3,1,9,1,4.4 ,12,9,1,44,,Red-bellied Woodpecker,,41,,Cooper's Hawk,9,1
64,141,Bald Eagle,a,,,,,,,,,,,,,,,,1,,1,,,,2,1,2,1,3,3,2,1,3,4,4,4,2,8,5,9,3,4,14,4,14,4,12,17,7,9,15,16,31,23,13,10,11,3,15.5 ,12,31,1,36,,Downy Woodpecker, ,31,,Bald Eagle,11,3
68,142,Red-shouldered Hawk,a,1,1,,,1,7,5,6,1,2,7,3,7,5,9,8,1,5,,,10,4,2,1,4,4,7,13,15,8,7,8,20,11,4,32,13,24,9,28,16,24,18,27,42,34,26,29,34,20,32,25,11,22,9,28.4 ,12,42,1,51,,Hairy Woodpecker,,3,,Red-shouldered Hawk,22,9
69,145,Red-tailed Hawk,a,7,6,2,10,6,26,22,17,19,23,27,14,38,35,37,17,24,20,16,27,39,51,49,22,49,29,50,18,47,31,36,20,34,27,19,33,22,32,26,20,39,27,25,14,58,44,22,15,12,25,23,12,8,31,3,25.3 ,12,58,2,55,,Pileated Woodpecker, ,9,,Red-tailed Hawk,31,3
70,145.5,Rough-legged Hawk,f,,,1,,,,,,,,,,1,,,,,,,,,,,,,,,, ,,,,,,,,,,,,,,,,,,,,,,,,,,,0.0 ,0,1,1,2,,Northern Flicker,,27,,Rough-legged Hawk,#VALUE!,
71,146,Eastern Screech-Owl,b,1,,,,,2,1,,1,3,2,5,5,4,,1,1,1,1,,,2,3,,2,3,,,1,3,1,1,1,1,,1,1,,1,1,1,1,,2,,1,,1,,1,2,2,1,,,0.8 ,7,5,1,36,,American Kestrel,,1,,Eastern Screech-Owl,,
72,147,Great Horned Owl,a,,,,,1,3,1,2,11,1,2,3,7,6,3,2,2,2,,2,1,6,6,1,3,4,2,2,5,9,2,,4,2,2,9,2,3,5,2,1,3,2,5,4,3,2,4,7,5,3,,1,2,2,3.3 ,11,11,1,48,,Merlin,,,,Great Horned Owl,2,2
73,148,Barred Owl,a,,,,,,2,2,6,5,1,3,1,2,6,2,1,1,,2,2,1,4,5,,1,3,6,1,1,10,1,,3,3,,3,1,4,,6,1,4,7,10,10,14,4,5,8,3,7,7,4,5,,6.7 ,11,14,1,44,,Peregrine Falcon,,,,Barred Owl,5,
74,148.5,Short-eared Owl,f,,,,,,,,,,,,,5,,,,,,,,,,,,,,,,,,,,,,,,,,,,,,,,,,,,,,,,,,,0.0 ,0,5,5,1,,Eastern Phoebe,,7,,Short-eared Owl,#VALUE!,
75,150,Belted Kingfisher,a,4,4,4,5,8,14,13,9,11,3,3,7,3,6,15,9,7,11,14,6,16,13,12,12,15,11,10,15,12,19,14,11,8,14,12,19,14,14,21,26,13,12,20,17,20,11,11,13,24,17,19,15,13,7,2,15.2 ,12,26,2,55,,White-eyed Vireo,,,,Belted Kingfisher,7,2
78,151,Yellow-bellied Sapsucker,a,11,6,13,11,6,24,21,22,22,15,19,7,18,13,10,23,17,11,7,23,18,7,14,11,22,28,43,25,28,33,34,17,27,35,41,46,42,37,54,70,67,40,49,60,76,62,57,34,75,43,45,78,33,51,24,57.8 ,12,78,6,55,,Yellow-throated Vireo,,,,Yellow-bellied Sapsucker,51,24
76,152,Red-headed Woodpecker,a,1,4,1,,3,2,3,2,3,5,1,,6,11,1,1,2,2,,10,33,7,2,7,6,19,24,30,8,3,22,22,43,5,25,16,26,54,26,35,43,55,26,57,104,28,36,20,44,66,49,45,20,28,9,44.9 ,12,104,1,52,,Blue-headed Vireo,,1,,Red-headed Woodpecker,28,9
77,153,Red-bellied Woodpecker,a,20,16,16,38,15,74,39,37,74,35,70,36,52,60,56,60,42,28,35,40,57,56,48,65,70,39,121,84,73,66,91,30,81,76,116,120,161,165,88,155,164,149,136,170,267,170,121,144,147,158,124,160,76,105,41,151.3 ,12,267,15,55,,Loggerhead Shrike,,,,Red-bellied Woodpecker,105,41
79,154,Downy Woodpecker,a,20,13,12,6,1,32,26,27,45,8,35,18,48,42,25,32,32,12,35,25,30,70,40,25,26,43,49,42,56,52,66,31,57,50,52,76,75,64,56,80,71,81,81,105,135,115,75,101,86,66,87,75,60,61,31,89.2 ,12,135,1,55,,Blue Jay,,46,,Downy Woodpecker,61,31
80,155,Hairy Woodpecker,a,4,2,2,3,,18,1,3,5,1,7,2,11,2,2,5,6,3,6,2,6,10,7,1,6,8,11,4,8,18,11,9,12,6,10,14,19,22,11,17,12,16,14,27,23,25,13,16,18,15,12,12,7,14,3,15.8 ,12,27,1,54,,American Crow,,114,,Hairy Woodpecker,14,3
82,156,Pileated Woodpecker,a,,,,,,1,2,,,1,2,3,1,,1,2,2,,,,1,2,,1,3,2,4,4,3,6,9,4,4,4,3,12,10,12,10,20,16,16,23,16,17,32,18,17,24,17,13,32,6,14,9,19.9 ,12,32,1,43,,Fish Crow,,1,,Pileated Woodpecker,14,9
81,157,Northern Flicker,a,22,20,15,21,49,82,79,44,86,37,108,31,71,64,48,80,109,34,63,67,73,70,57,91,88,59,133,61,51,72,95,59,70,95,149,111,173,146,95,195,113,189,121,185,175,158,67,124,115,113,98,174,97,75,27,122.3 ,12,195,15,55,,Common Raven, ,1,,Northern Flicker,75,27
83,158,American Kestrel,a,1,3,,1,2,7,9,16,19,19,26,8,17,15,9,12,9,19,10,15,17,10,24,12,10,10,14,4,4,4,7,4,8,3,4,4,6,5,5,4,6,11,7,6,4,3,5,6,6,5,2,,5,6,1,4.3 ,11,26,1,53,,Carolina Chickadee, ,67,,American Kestrel,6,1
84,159,Merlin,e,,,,,,,,,,,,,,,,,,,,,,,,,,,,,,,,,1,,,,,,,1,1,,,,,,,1,,,,,,,,0.1 ,1,1,1,4,,Tufted Titmouse, ,84,,Merlin,,
85,160,Peregrine Falcon,e,,,,,,,,1,,,,,,,,,,,,,,,,,,,,,,,,,,,,,,,,1,,,,,,,,1,,,,,,,,0.1 ,1,1,1,3,,Horned Lark, ,,,Peregrine Falcon,,
86,168,Eastern Phoebe,a,2,1,,,6,7,4,8,3,7,8,2,2,1,11,17,8,6,10,10,8,27,33,12,28,37,43,7,13,50,24,16,37,47,16,40,58,42,15,54,37,36,38,59,97,72,25,37,57,39,68,26,17,41,7,48.6 ,12,97,1,53,,Tree Swallow,,,,Eastern Phoebe,41,7
88,172,White-eyed Vireo,e,,,,,,,,,,,,,,,,,,,,,,,,,,,,,,1,,,,,,,,,,,,,,,,,,,,,1,,,,,0.1 ,1,1,1,2,,Ruby-crowned Kinglet, ,24,,White-eyed Vireo,,
89,173,Yellow-throated Vireo,f,,,,,,,,,,,,,,,,,,,,,,,,,,,,, ,1,,,,,,,,,,,,,,,,,,,,,,,,,,0.0 ,0,1,1,1,,Golden-crowned Kinglet, ,31,,Yellow-throated Vireo,,
90,174,Blue-headed Vireo,b,,,,,,,1,,,1,1,,,,,1,,,,,,,,1,1,2,5,,3,1,1,1,,,2,,,,,1,1,,,1,2,1,,1,5,,,1,,1,1,1.2 ,8,5,1,23,,Red-breasted Nuthatch, ,,,Blue-headed Vireo,1,1
87,178,Loggerhead Shrike,f,12,3,4,1,3,14,2,16,10,10,13,4,7,1,1,1,3,1,,2,2,1,2,,1,1,1,,,,2,,2,,,,,,,,,,,,,,,,,,,,,,,0.0 ,0,16,1,27,,White-breasted Nuthatch, ,9,,Loggerhead Shrike,,
91,179,Blue Jay,a,55,100,123,40,97,227,96,113,234,130,231,142,200,431,56,129,199,120,145,198,395,238,116,411,128,52,402,199,227,103,268,58,172,67,180,288,228,353,209,286,334,227,185,269,352,287,213,259,251,257,195,483,187,197,46,272.7 ,12,483,40,55,,Brown-headed Nuthatch, ,15,,Blue Jay,197,46
92,180,American Crow,a,28,55,35,52,29,163,123,121,108,109,106,64,196,227,174,218,194,142,243,96,129,171,192,190,171,206,251,325,287,177,262,308,232,237,193,324,405,328,349,392,363,525,513,569,566,612,293,688,532,269,329,431,210,371,114,441.5 ,12,688,28,55,,Brown Creeper, ,4,,American Crow,371,114
93,181,Fish Crow,d,,,,,,,,,,,,,,,,,,,,,,,,,,,,,,,,,1,,,,,,,1,,,,,,,,1,1,,1,,,,1,0.4 ,4,1,1,6,,Blue-gray Gnatcatcher,,,,Fish Crow,,1
94,182,Common Raven,b,,,,,,,,,,,,,,,,,,,,,,,,,,,,,,,,,,,,,,,,,,,,,3,,,2,2,2,2,2,,,1,1.4 ,7,3,1,7,,House Wren, ,,,Common Raven,,1
97,183,Carolina Chickadee,a,103,30,30,61,23,133,103,144,135,50,109,94,188,177,148,135,155,71,171,162,188,292,210,133,201,166,282,161,233,185,215,124,165,202,199,346,353,317,326,527,261,270,312,337,468,456,272,387,257,246,251,247,183,140,67,297.4 ,12,527,23,55,,Winter Wren, ,5,,Carolina Chickadee,140,67
98,184,Tufted Titmouse,a,42,40,29,12,22,96,43,77,57,36,92,53,109,86,197,59,95,41,85,73,91,103,68,68,143,84,177,137,180,159,144,60,142,124,172,352,261,232,274,410,257,255,268,357,446,357,215,309,258,217,245,235,180,146,84,269.2 ,12,446,12,55,,Carolina Wren, ,70,,Tufted Titmouse,146,84
95,185,Horned Lark,f,4,,,,,,,19,48,47,,,,,,,,,,,,,,,6,6,,56, ,,,,,,,,,,,,,,,,,,,,,,,,,,,0.0 ,0,56,4,7,,European Starling, ,138,,Horned Lark,,
96,188,Tree Swallow,e,,,,,,,,,,,,,,,,,,,,,,,,,,,,,,,,,,,,,,,,,4,,,,,,,,,,1,,,1,,0.2 ,2,4,1,3,,Gray Catbird,,,,Tree Swallow,1,
110,192,Ruby-crowned Kinglet,a,8,16,22,36,18,123,174,41,28,40,47,15,48,41,66,106,63,40,17,51,161,101,174,127,311,291,179,23,134,115,100,116,189,101,276,321,187,275,148,212,119,64,94,196,274,110,92,176,229,76,232,164,67,88,24,153.2 ,12,321,8,55,,Brown Thrasher, ,12,,Ruby-crowned Kinglet,88,24
109,193,Golden-crowned Kinglet,a,72,50,29,71,87,122,76,82,15,16,26,77,103,76,97,143,88,37,40,103,199,204,226,171,280,156,230,100,220,184,85,141,167,90,163,354,156,273,164,308,200,187,93,409,575,182,96,305,284,144,94,162,57,70,31,200.0 ,12,575,15,55,,Northern Mockingbird,,14,,Golden-crowned Kinglet,70,31
99,194,Red-breasted Nuthatch,c,10,11,,1,,3,6,11,31,,,22,21,1,,,19,1,,,3,4,2,,4,,5,,1,,7,,2,,,          *,2,,7,,,3,1,34,,,1,3,,24,2,15,,,,4.5 ,6,34,1,30,,Eastern Bluebird,,47,,Red-breasted Nuthatch,,
100,195,White-breasted Nuthatch,a,13,10,8,10,5,17,17,6,8,7,6,5,10,11,13,7,14,13,22,12,9,13,22,10,24,21,25,22,32,18,40,16,25,26,30,78,64,53,33,51,87,49,52,53,60,52,47,68,56,60,48,47,19,40,9,50.6 ,12,87,5,55,,Hermit Thrush,,23,,White-breasted Nuthatch,40,9
101,196,Brown-headed Nuthatch,a,9,10,11,23,13,39,11,18,13,10,20,16,22,8,11,16,12,11,5,16,13,32,8,19,38,25,46,24,30,32,26,16,38,48,16,45,43,65,40,76,78,80,57,100,78,130,56,72,67,59,54,41,26,81,15,67.9 ,12,130,5,55,,American Robin,,373,,Brown-headed Nuthatch,81,15
102,197,Brown Creeper,a,5,1,1,2,2,27,12,22,10,3,15,4,15,15,8,11,14,3,5,7,12,12,10,3,9,8,15,4,7,5,33,4,9,8,10,16,16,14,4,19,13,15,16,17,23,19,16,22,24,15,8,20,8,13,4,17.2 ,12,33,1,55,,Cedar Waxwing,,882,,Brown Creeper,13,4
108,198,Blue-gray Gnatcatcher,d,,,,,,,,,,,,,,,,,,,,,,2,,1,,,,,,,,3,2,,,3,,,,,,,,,,1,,4,1,,1,,,,,0.7 ,4,4,1,9,,House Sparrow,,11,,Blue-gray Gnatcatcher,,
103,199,House Wren,b,1,,,,,,,2,1,,,,,2,1,4,3,,4,,1,1,5,,2,1,6,2,5,3,1,3,1,7,3,1,3,5,8,4,4,2,2,3,,2,,9,4,,6,1,3,1,,2.6 ,8,9,1,38,,American Pipit, ,6,,House Wren,1,
104,200,Winter Wren,a,1,,1,10,1,25,23,9,3,6,9,5,5,4,5,5,5,4,,2,13,4,6,6,3,6,22,30,31,26,63,26,35,45,24,56,24,48,23,39,36,26,29,55,76,49,40,51,62,32,52,25,17,15,5,42.4 ,12,76,1,53,,Evening Grosbeak,,,,Winter Wren,15,5
105,201,Sedge Wren,f,,,,,,,,,,,,,,,,1,,,,,,,,,,,,,,,,,,,,,,,,,,,,,,,,,,,,,,,,0.0 ,0,1,1,1,,House Finch,,29,,Sedge Wren,#VALUE!,
106,202,Marsh Wren,f,,,,,,,,,,,,,2,,,,,,,,,,,,,,,,,,,,,,,,,,,,,,,,,,,,,,,,,,,0.0 ,0,2,2,1,,Purple Finch,,,,Marsh Wren,#VALUE!,
107,203,Carolina Wren,a,27,11,22,36,41,130,82,129,88,47,98,29,55,75,98,117,129,56,131,74,88,129,124,105,145,138,178,81,118,156,202,52,114,136,173,300,262,297,185,276,285,226,214,289,388,307,150,308,261,173,267,288,151,160,70,252.3 ,12,388,11,55,,Pine Siskin,,2,,Carolina Wren,160,70
117,204,European Starling,a,510,1250,3100,500000,2380,1369,832,6716,1999,973,312156,344,430,946,262,4147,297,4965,349,1374,753,445,907,821,900,285,985,1792,1493,463,770,779,300,394,277,469,297,200,391,479,224,412,114,514,398,591,69,313,553,161,275,710,356,140,138,370.4 ,12,500000,69,55,,American Goldfinch,,40,,European Starling,140,138
114,205,Gray Catbird,c,,,,,,,,3,,,2,,,,,,,,1,2,,,,,,1,,,,2,,,,,2,,1,1,1,,2,,,1,,1,,2,,1,,,,1,,0.5 ,5,3,1,16,,Chipping Sparrow, ,120,,Gray Catbird,1,
115,206,Brown Thrasher,a,1,7,8,3,9,12,18,6,13,5,10,7,13,16,1,9,13,1,6,7,24,12,15,7,9,6,25,9,6,10,15,8,9,10,17,42,33,30,35,24,41,46,28,28,66,42,20,31,41,28,41,44,28,11,12,36.4 ,12,66,1,55,,Field Sparrow, ,13,,Brown Thrasher,11,12
116,207,Northern Mockingbird,a,35,34,23,27,58,98,40,55,69,34,87,30,70,66,62,64,83,44,60,51,79,60,53,50,73,42,110,51,48,57,49,39,39,81,48,99,71,77,78,109,100,117,65,92,85,62,42,52,49,37,33,55,37,32,14,49.8 ,12,117,14,55,,Fox Sparrow, ,6,,Northern Mockingbird,32,14
111,208,Eastern Bluebird,a,9,12,,44,43,83,45,87,70,50,93,18,33,48,100,124,114,148,193,186,117,238,214,169,137,183,256,93,198,115,206,130,165,210,185,216,252,303,283,337,234,326,188,309,357,311,157,245,249,166,345,346,381,274,47,287.8 ,12,381,9,54,,Dark-eyed Junco,,239,,Eastern Bluebird,274,47
112,212,Hermit Thrush,a,4,3,3,3,2,12,10,5,11,3,15,4,3,3,2,9,25,12,1,9,37,13,9,5,10,20,35,29,15,43,29,13,25,36,29,29,58,42,17,50,39,48,45,52,88,79,38,21,73,22,41,56,27,36,23,50.4 ,12,88,1,55,,White-crowned Sparrow,,,,Hermit Thrush,36,23
113,214,American Robin,a,10,21,11,23,4,40,4,169,20,70,74,1,65,32,45,127,27,194,1,132,165,31,87,8,59,841,439,69,99,199,1169,133,63,407,585,231,540,450,231,494,493,577,463,361,118,235,178,119,686,106,71,341,150,258,373,263.5 ,12,1169,1,55,,White-throated Sparrow, ,557,,American Robin,258,373
118,215,Cedar Waxwing,a,21,13,80,8,55,90,103,79,387,143,118,53,79,106,92,538,25,430,125,471,176,,117,106,267,525,221,1,108,517,909,390,61,79,889,126,1260,95,198,673,59,282,102,386,747,247,215,99,553,266,181,348,450,103,882,409.1 ,12,1260,1,54,,Savannah Sparrow,,,,Cedar Waxwing,103,882
119,216,House Sparrow,a,129,175,57,31,63,275,81,273,322,110,404,141,118,272,311,416,189,110,144,121,259,51,68,109,86,53,56,18,61,95,115,51,56,67,23,22,49,26,18,100,29,6,62,47,21,38,17,7,25,14,18,5,9,22,11,18.7 ,12,416,5,55,,Song Sparrow, ,195,,House Sparrow,22,11
120,217,American Pipit,a,,,,,28,47,,20,,,32,,,71,8,522,30,85,65,4,13,25,,,95,88,2,,1,172,,2,18,6,25,2,3,2,413,136,286,188,330,102,94,80,73,36,46,30,109,296,13,72,6,85.5 ,12,522,1,42,,Swamp Sparrow,,10,,American Pipit,72,6
121,218,Evening Grosbeak,e,22,,,34,8,30,92,4,128,,28,21,7,,31,,,12,15,,3,10,,,18,,10,,10,,,,,27,,1,,,,,,,,,,,,,,1,,,,4,,0.5 ,2,128,1,22,,Eastern Towhee,,53,,Evening Grosbeak,4,
122,219,House Finch,a,,,,,,34,12,65,79,27,38,7,28,24,23,6,31,60,98,128,182,72,200,291,325,174,224,31,62,86,117,47,59,93,79,226,157,205,116,190,94,202,72,134,79,96,44,91,89,46,71,75,82,55,29,75.7 ,12,325,6,50,,Eastern Meadowlark,,11,,House Finch,55,29
123,220,Purple Finch,a,95,45,10,28,77,207,27,16,225,22,29,78,32,71,119,76,29,65,51,10,27,16,5,,3,,7,,27,6,6,,6,,38,,4,,5,22,4,24,1,,3,12,10,3,,8,1,30,2,15,,8.4 ,9,225,1,45,,Baltimore Oriole,,,,Purple Finch,15,
124,222,Red Crossbill,f,,11,,,,,,,,,,,,,,,,,,,,,,,,,,,,,,,,,,,,,,,,,,,,,,,,,,,,,,0.0 ,0,11,11,1,,Red-winged Blackbird,,280,,Red Crossbill,#VALUE!,
125,223,White-winged  Crossbill,e,,,,,,,,,,,,,,,,,,,,,,,,,,,,,,,,,,,,,,,,,,,,12,,,,,,,,,,,,0.0 ,1,12,12,1,,Brown-headed Cowbird,,4,,White-winged  Crossbill,#VALUE!,
126,224,Pine Siskin,b,15,200,,,78,14,49,,71,,,18,3,,,,,15,,,5,2,,,,,,,1,,22,*,1,,,4,3,,,24,1,33,,560,1,109,,1,,19,,401,,1,2,53.4 ,8,560,1,27,,Rusty Blackbird,,60,,Pine Siskin,1,2
127,225,American Goldfinch,a,75,140,45,69,92,154,74,74,229,68,120,69,112,315,207,298,284,291,253,112,137,244,151,180,225,121,199,139,235,203,211,148,396,171,414,371,629,319,442,529,141,527,192,403,279,626,165,381,368,353,270,285,105,154,40,302.6 ,12,629,40,55,,Brewer's Blackbird,,,,American Goldfinch,154,40
129,227,Chipping Sparrow,a,,,,,,1,,2,,37,20,,13,12,1,27,62,17,34,,11,1,42,18,1,36,55,35,17,31,49,23,54,72,260,311,209,205,35,204,243,256,512,454,750,400,189,331,113,391,319,778,330,317,120,403.8 ,12,778,1,46,,Common Grackle,,2,,Chipping Sparrow,317,120
130,229,Field Sparrow,a,95,125,36,124,41,158,71,119,161,91,139,70,107,163,92,169,284,323,180,90,85,210,188,85,108,238,320,95,104,124,87,52,59,60,88,108,189,107,65,177,71,141,88,141,112,291,92,88,96,39,152,93,95,48,13,111.9 ,12,323,13,55,,Black-and-white Warbler,,,,Field Sparrow,48,13
133,231,Fox Sparrow,a,8,14,17,,8,13,1,6,3,3,4,6,2,14,14,6,6,2,1,2,15,3,3,7,13,17,26,43,41,66,40,11,36,19,47,73,54,61,51,17,73,26,24,42,30,22,12,34,25,26,20,22,9,32,6,23.8 ,12,73,1,54,,Orange-crowned Warbler,,,,Fox Sparrow,32,6
138,232,Dark-eyed Junco,a,256,265,542,340,931,1100,486,540,627,449,462,524,496,932,617,648,908,184,541,552,1890,412,340,484,544,413,880,631,946,325,1028,294,298,389,898,1164,1663,1217,962,633,726,708,386,467,561,544,412,452,479,176,188,744,293,516,239,460.4 ,12,1890,176,55,,Common Yellowthroat,,,,Dark-eyed Junco,516,239
137,233,White-crowned Sparrow,d,,,,,10,,2,6,5,1,4,3,6,7,4,5,,,,5,,4,5,5,5,3,24,3,5,32,20,17,21,28,13,1,24,,2,,,17,1,10,1,8,4,,,,,,,,,1.3 ,4,32,1,35,,Palm Warbler,,,,White-crowned Sparrow,,
136,235,White-throated Sparrow,a,138,121,332,352,639,1120,585,617,806,584,936,507,917,1212,598,818,996,781,572,817,1048,547,687,725,609,619,1403,980,814,936,1035,450,739,718,1313,1804,1935,1233,924,1374,1204,963,1016,1384,1432,1650,697,1588,1192,778,1144,1523,948,995,557,1250.4 ,12,1935,121,55,,Pine Warbler,,6,,White-throated Sparrow,995,557
131,236,Vesper Sparrow,e,,,,,,,,,,,,,,,1,,,,,,,,,,,,,,, ,,,,,,,,,,,,,1,,,,,,,,,,,2,,0.2 ,1,2,1,3,,Yellow-rumped Warbler,,75,,Vesper Sparrow,2,
132,237,Savannah Sparrow,a,6,2,,,12,43,11,30,16,20,18,24,43,123,26,58,41,9,11,5,16,27,84,18,7,6,12,2,9,52,25,11,5,22,5,6,37,10,8,36,17,98,37,54,49,43,4,15,31,24,10,13,23,45,,25.7 ,11,123,2,52,,Summer Tanager,,,,Savannah Sparrow,45,
134,238,Song Sparrow,a,79,70,25,116,121,239,164,238,262,268,250,123,412,475,321,372,330,582,396,226,553,566,723,533,535,465,1347,746,429,720,539,407,617,449,967,891,1313,763,647,829,450,789,827,885,647,844,459,678,592,545,835,811,548,488,195,664.2 ,12,1347,25,55,,Northern Cardinal,,104,,Song Sparrow,488,195
135,240,Swamp Sparrow,a,1,5,,,7,20,41,25,55,24,97,11,70,166,62,111,40,88,29,39,130,73,114,46,42,46,215,79,78,283,153,67,190,223,215,202,367,126,76,55,94,153,121,191,161,166,86,119,162,141,324,258,54,67,10,154.8 ,12,367,1,53,,, ,,,Swamp Sparrow,67,10
128,241,Eastern Towhee,a,38,65,36,87,55,90,92,75,75,46,79,84,78,113,52,70,86,33,50,58,182,55,58,127,76,83,250,136,111,78,94,78,111,93,180,208,311,212,155,135,226,165,199,252,313,211,170,223,276,170,200,180,150,97,53,204.3 ,12,313,33,55,,,,,,Eastern Towhee,97,53
139,242,Yellow-breasted Chat,f,,,,,,,,,,,,,,,,,,,,,,,,,,,,,,,,,,,,,1,,,,,,,,,,,,,,,,,,,0.0 ,0,1,1,1,,,,,,Yellow-breasted Chat,#VALUE!,
140,244,Eastern Meadowlark,a,76,55,27,36,68,251,192,332,235,174,229,208,316,124,224,328,192,102,283,152,102,119,102,171,90,64,125,28,13,52,27,77,12,25,26,54,30,40,28,47,37,67,39,29,28,31,5,8,58,33,9,13,7,7,11,21.0 ,12,332,5,55,,,,,,Eastern Meadowlark,7,11
141,247,Baltimore Oriole,e,3,1,,,5,9,5,2,1,,,,,,,1,,,1,,,,,,,,,,,,,,,,,,,,,,,,,,1,,,,,,,2,,,,0.3 ,2,9,1,11,,,,,,Baltimore Oriole,,
142,248,Red-winged Blackbird,a,2,650,50,1000000,1586,2612,186,325,11866,187,16250,144,66,1432,119,1713,157,684,1012,25,920,726,130,134,75,12337,383,117,515,783,562,1195,1077,467,3720,945,2072,1400,433,697,251,176,525,1451,643,1049,842,987,2473,261,245,1156,724,1348,280,1000.8 ,12,1000000,2,55,,,,,,Red-winged Blackbird,1348,280
143,249,Brown-headed Cowbird,a,,,,1000,813,437,36,236,41,1,4005,53,60,204,4,87,2,2,5,6,1,10,11,50,,,6,,120,,5,20,3,,20,1,18,1,1,2,,,3,59,2,1,1,1,1415,31,,,135,5,4,159.5 ,10,4005,1,43,,,,,,Brown-headed Cowbird,5,4
144,250,Rusty Blackbird,a,1,25,16,50,24,146,168,70,64,9,61,,,,10,,2,,,1,7,50,,4,,,,,10,155,350,41,13,64,8,17,17,13,65,43,25,100,101,347,15,17,,22,20,1,10,23,21,468,60,65.7 ,11,468,1,43,,,,,,Rusty Blackbird,468,60
145,251,Brewer's Blackbird,f,,,,,1,,,,,,,,,,,,,,,,20,,,,,,,,,24,,,,,,,,,,,,,,,,,,,,,,,,,,0.0 ,0,24,1,3,,,,,,Brewer's Blackbird,,
146,252,Common Grackle,a,3,1,7,500000,635,206,414,423,5225,4,170058,2,26,624,9,304,5,1109,1,83,93,21,502,109,1,5,24,1,17,2,4,1106,627,233,2,,24,210,3200,2,118,1013,132,44,1981,365,5,34,2807,875,252,301,31,6123,2,1277.6 ,12,500000,1,54,,,,,,Common Grackle,6123,2
147,259,Black-and-white Warbler,d,,,,,,,1,,,,1,,,1,,1,,,,,,2,,,,,,,,,,1,1,,,,,,,,,,,,,,,1,,1,3,,1,,,0.6 ,4,3,1,11,,,,,,Black-and-white Warbler,,
148,262,Orange-crowned  Warbler,e,,,,,,,,,,,,,,,,,,,,,,,,,,,,,,,,,,,,,1,,,,,,,1,,,,,,,,1,,,,0.1 ,2,1,1,3,,,,,,Orange-crowned  Warbler,#VALUE!,
149,263,Nashville Warbler,f,,,,,,,,,,,,,,,,,,,,,,,,,,,,,,,,,,,,,1,,,,, ,,,,,,,,,,,,,,0.0 ,0,1,1,1,,,,,,Nashville Warbler,#VALUE!,
150,267,Common Yellowthroat,b,,,,,1,,2,1,,1,1,1,2,3,3,3,1,,,,1,4,4,3,1,1,1,,,1,,2,4,1,2,1,,1,,1,2,1,,4,1,,1,,1,1,1,2,1,,,0.8 ,8,4,1,36,,,,,,Common Yellowthroat,,
151,279,Bk-throat Blue Warbler,f,,,,,,,,,,,,,,,,,,,,,,,,,,,,,, ,,1,,,,,,,,,,,,,,,,,,,,,,,,0.0 ,0,1,1,1,,,,,,Bk-throat Blue Warbler,#VALUE!,
152,280,Palm Warbler,b,,,,,1,1,,,,,,,5,3,14,109,,,1,1,1,4,5,2,2,,,,,2,1,6,3,4,1,,,,3,2,3,,,,8,3,,,29,13,40,26,14,,,13.3 ,7,109,1,29,,,,,,Palm Warbler,,
153,281,Pine Warbler,a,7,1,,1,5,13,6,7,4,2,3,9,4,1,9,39,33,113,1,8,14,54,51,16,33,53,29,3,71,43,12,33,56,10,8,40,17,34,8,35,24,54,9,26,31,12,14,29,36,6,85,11,8,17,6,25.5 ,12,113,1,54,,,,,,Pine Warbler,17,6
155,282,Yellow-rumped Warbler,a,7,11,12,23,10,147,188,34,116,90,117,29,168,10,74,384,9,111,38,113,35,28,211,73,120,299,164,133,254,252,302,118,146,155,324,338,534,222,45,426,202,253,307,149,340,284,108,47,339,59,94,141,59,55,75,160.1 ,12,534,7,55,,,,,,Yellow-rumped Warbler,55,75
154,283,Yellow-throated Warbler,f,,,,,,,,,,,,,,,,1,,,,,,,,,,,,,,,,,,,,,,,,,,,,,,,,,,,,,,,,0.0 ,0,1,1,1,,,,,,Yellow-throated Warbler,#VALUE!,
156,287,Wilson's Warbler,f,,,,,,,,,,,,,,,,1,,,,,,,,,,,,,,,,1,,,,,,,,,,,,,,,,,,,,,,,,0.0 ,0,1,1,2,,,,,,Wilson's Warbler,#VALUE!,
157,288,Summer Tanager,f, ,,,,,,,,,,,,,,,,,,,,,,,,,,,,,,,,,,,           *,,,,,,,,,,,,,,,,,,,,0.0 ,0,0,0,0,,,,,,Summer Tanager,,
158,291,Northern Cardinal,a,73,130,115,85,209,268,163,156,240,95,177,136,132,311,146,115,166,92,234,140,285,264,141,164,169,103,284,246,158,180,262,120,157,227,301,461,543,359,352,384,467,335,385,425,467,314,244,359,377,282,359,435,230,195,104,336.6 ,12,543,73,55,,,,,,Northern Cardinal,195,104
159,293,Blue Grosbeak,f,,,,,2,,,,,1,,,,,,,,,,,,,,,,,,,,,,,,,1,,,,,,,,,,,,,,,,,,,,,0.0 ,0,2,1,3,,,,,,Blue Grosbeak,#VALUE!,
160,294,Indigo Bunting,f,,,,,,,,,,,,,,,,,,,,,,,,,,,,,,,,,,,,,,1,,,,,,,,,,,,,,,,,,0.0 ,0,1,1,1,,,,,,Indigo Bunting,#VALUE!,
161,295,Painted Bunting,e,,,,,,,,,,,,,,,,,,,,,,,,,,,,,,,,,,,1,,,,,,,,,,,,,,1,,,,,,,0.1 ,1,1,1,2,,,,,,Painted Bunting,,
,,,,,,,,,,,,,,,,,,,,,,,,,,,,,,,,,,,,,,,,,,,,,,,,,,,,,,,,,,,,,,,,,,,,,,,
,,,,,,,,,,,,,,,,,,,,,,,,,,,,,,,,,,,,,,,,,,,,,,,,,,,,,,,,,,,,,,,,,,,,,,,
,300,Unidentified Scaup,f,,,,,,,,,,,,,,,,,,,,,,,,,10,,,,,,,,,,,,,,,,,,,,,,,,,,,,,,,0.0 ,0,10,10,1,,,,,,Unidentified Scaup,#VALUE!,
,301,Unidentified Merganser,f,,,,,,,1,,,,,,,,,,,,,,2,,,,,,,,,,,,,,,,,,,,,,,,,,,,,,,,,,,0.0 ,0,2,1,2,,,,,,Unidentified Merganser,#VALUE!,
,302,Unidentified Duck,d,,,,,,,,,,,,,,,,,,,,,,,6,,,10,20,30,,,174,,,,,54,,,,,,,,,230,,,,,,,10,7,,,24.7 ,3,230,6,9,,,,,,Unidentified Duck,#VALUE!,
,303,Unidentified Yellowlegs,,,,,,,,,,,,,,,,,,,,,,,,,,,,,,,,,,,,,,,,,,,,,,,,,,,,,,3,,,0.3 ,1,3,3,1,,,,,,Unidentified Yellowlegs,#VALUE!,
,311.1, Wt-throated Spar. X D-e Junco,f,,,,,,1,x,,,,,,,,,,,,,,,,,,,,,,,,,,,,,,,,,,,,,,,,,,,,,,,,,0.0 ,0,1,1,1,,,,,, Wt-throated Spar. X D-e Junco,#VALUE!,
,,,,,,,,,,,,,,,,,,,,,,,,,,,,,,,,,,,,,,,,,,,,,,,,,,,,,,,,,,,,,,,,,,,,,,,
,304,Unidentified Gull,e,,,,,,,,,1,1,2,,,,,,14,,,,46,,,,,,,,42,3,,,,,17,23,8,,,,,,,,,,,,,,,9,,,,0.9 ,1,46,1,11,,,,,,Unidentified Gull,#VALUE!,
,305,Unidentified Vulture,,,,,,,,,,,,,,,,,,,,,,,,,,,,,,,,,,,,,,,,,,,,,,,,,,,,,40,,,,4.0 ,1,40,40,1,,,,,,Unidentified Vulture,#VALUE!,
,306,Unidentified Accipiter,d,,,,,,,,,,,1,,1,,,1,,,1,,2,,2,,1,,3,1,2,,,2,1,2,1,1,1,1,,,,,,,,,1,2,1,,,1,,,,0.5 ,4,3,1,21,,,,,,Unidentified Accipiter,#VALUE!,
,307,Unidentified Buteo,,,,,,,,,,,,,,,,,,,,,,,,,,,,,,,,,,,,,,,,,2,,,,,,,,,,,,,1,,,0.1 ,1,2,1,2,,,,,,Unidentified Buteo,#VALUE!,
,308,Unidentified Woodpecker,,,,,,,,,,,,,,,,,,,,,,,,,,,,,,,,,,,,,,,,,,,,,,,,,,,,,,1,,,0.1 ,1,1,1,1,,,,,,Unidentified Woodpecker,#VALUE!,
,309,Unidentified Falcon,f,,,,,,,,,,,,,,,,,,,,,,,,,,,,,,,,,,,,1,,,,,,,,,,,,,,,,,,,,0.0 ,0,1,1,1,,,,,,Unidentified Falcon,#VALUE!,
,310,Unidentified Sparrow,,,,,,,,,,,,,,,,,,,,,,,,,,,,,,,,,,,,,,,,,,,,,,,,,,,,,68,,,,6.8 ,1,68,68,1,,,,,,Unidentified Sparrow,#VALUE!,
,311,Unidentified Blackbird,,,,,,,,500000,2415,,,300000,,2000,,100,,50,,,,,,,,,,,,200,,,,,,,,,,,4,,,,4,32,,,3,,700,20,,20,,,77.5 ,6,500000,3,14,,,,,,Unidentified Blackbird,#VALUE!,
,312,Unidentified Passerine,,,,,,,,,,,,,,,,,,,,,,,,,,,,,,,,,,,,,,,,,,,,,,,,,,,,,28,,,,2.8 ,1,28,28,1,,,,,,Unidentified Passerine,#VALUE!,
,,,,,,,,,,,,,,,,,,,,,,,,,,,,,,,,,,,,,,,,,,,,,,,,,,,,,,,,,,,,,,,,,,,,,,,
,,reported # species,,65,63,49,54,69,,80,,81,79,,70,87,81,91,102,87,,,81,94,96,81,82,,,,,,,,,,,,,,,,,,,,,,,,,,,,,,,,,,,,,,,,,,reported # species,,
,,NUMBER OF SPECIES,,63,61,47,52,67,76,80,77,78,76,84,68,84,78,88,99,84,74,75,80,94,96,83,82,91,90,92,82,90,96,94,92,92,89,91,85,96,87,86,92,96,92,88,98,96,95,88,103,96,95,100,89,91,85,79,101.7 ,12,103,47,55,,,,,,NUMBER OF SPECIES,,
,,NUMBER OF BIRDS,,2331,4125,5076,2003057,8867,12621,5647,12957,25956,4902,508165,4030,5858,10255,6053,14204,6883,12405,7635,8106,11885,7920,8927,9626,9501,23785,15898,11571,13070,10763,12339,11995,10248,10430,16417,17416,24305,19981,14432,23592,20629,17706,17213,19293,21061,17155,11255,16747,23976,15073,17971,21329,14157,18244,5392,18236.0 ,12,2003057,2331,55,,,,,,NUMBER OF BIRDS,,
,,reported # birds,,6267,8063,9016,2005949,12813,16569,509597,19324,29910,8858,812123,7990,13801,16201,12102,20156,12888,12265,,8116,11885,7889,8930,9627,,,,,,,,,,,,,,,,,,,,,,,,,,,,,,,,,,,,,,,,,,reported # birds,,
,,,,,,,,,,,,,,,,,,,,,,,,,,,,,,,,,,,,,,,,,,,,,,,,,,,,,,,,,,,,,,,,,,,,,,,
,,,,,,,,,,,,,,,,,,,,,,,,,,,,,,,,,,,,,,,,,,,,,,,,,,,,,,,,,,,,,,,,,,,,,,,
,,,,,,,,,,,,,,,,,,,,,,,,,,,,,,,,,,,,,,,,,,,,,,,,,,,,,,,,,,,,,,,,,,,,,,,
,,Observers,,15,7,6,12,15,37,29,19,21,23,27,17,18,24,21,16,25,20,21,16,22,17,22,23,29,,23,,,,,,,,,30,27,28,29,,19,,26,40,44,48,37,46,39,,,43,38,34,15,32.9 ,,,,,,,,,,Observers,,
,,Parties,,6,4,3,2,6,12,8,9,11,10,10,6,9,12,12,11,14,11,12,10,11,8,10,11,12,10,12,11,13,10,13,11,11,12,17,17,19,16,16,,16,,16,17,21,21,16,23,18,,,22,20,14,10,19.3 ,,,,,,,,,,Parties,,
,,Hours,,39,40,20,15,32,78,60,58,77,66,52,33,55,66,60,65,78,53,55,67,68,71,73,65,81.25,67.25,94.5,67,74,63.5,55,78.75,76.75,75.75,106.5,122.75,91.25,102.75,107.25,,96,,91.5,113,140,110.5,86.75,128.87,119.25,,87.3,112.1,71.8,81.5,37.0,93.8 ,,,,,,,,,,Hours,,
,,Miles,,237,150,125,88,197,398,288,256,258,200,219,163,235,265,168,214,227,227,163,277,217,197,289,273,274.5,241,291.5,238.5,218,185.5,184,105,137,155,282.8,267,280,176,267.75,,135.45,,159.45,215.25,242.45,181.25,158.05,216.1,143.85,,139.7,199.7,139.6,119.5,52.0,154.0 ,,,,,,,,,,Miles,,
,,,,,,,,,,,,,,,,,,,,,,,,,,,,,,,,,,,,,,,,,,,,,,,,,,,,,,,,,,,,,,,,,,,,,,,
,,Date,,12/21,12/20,12/29,12/18,12/16,12/15,12/21,12/19,12/18,12/17,12/16,12/21,12/20,12/19,12/18,12/22,12/22,12/21,12/20,12/18,12/17,12/16,12/15,12/20,19-Dec,18-Dec,12/17,22-Dec,21-Dec,20-Dec,19-Dec,17-Dec,16-Dec,15-Dec,14-Dec,19-Dec,18-Dec,17-Dec,16-Dec,,20-Dec,,18-Dec,16-Dec,15-Dec,14-Dec,20-Dec,18-Dec,17-Dec,,16-Dec,20-Dec,19-Dec,18-Dec,17-Dec,,,,,,,,,,,Date,,